probability,sparsity,search_latency,memory
0.001,0.999014,0.0117278,1250000
0.01,0.990011,0.0086048,1250000
0.05,0.949978,0.0037015,1250000
0.1,0.899933,0.0017599,1250000
0.2,0.799859,0.0005725,1250000
0.3,0.699883,0.0001988,1250000
0.4,0.599987,0.0001333,1250000
0.5,0.500057,0.0001173,1250000
