probability,sparsity,search_latency,memory
0.001,0.999014,0.0112121,150154
0.01,0.990011,0.0121949,359770
0.05,0.949978,0.0049665,1160428
0.1,0.899933,0.0036256,2161340
0.2,0.799859,0.0007021,4162804
0.3,0.699883,0.0003851,6162324
0.4,0.599987,0.0002779,8160244
0.5,0.500057,0.0002169,10158846
