probability,sparsity,search_latency,memory
0.001,0.999014,0.0177489,150166
0.01,0.990009,0.0140791,359806
0.05,0.949972,0.00837442,1160550
0.1,0.899922,0.0039832,2161564
0.2,0.79984,0.00067884,4163210
0.3,0.699853,0.00041858,6162940
0.4,0.599948,0.00026656,8161038
0.5,0.500009,0.00023092,10159814
